{"stats":{"minecraft:custom":{"minecraft:time_since_rest":5161,"minecraft:sprint_one_cm":47682,"minecraft:damage_taken":865,"minecraft:walk_one_cm":41226,"minecraft:drop":1,"minecraft:damage_dealt":206,"minecraft:swim_one_cm":6438,"minecraft:interact_with_crafting_table":7,"minecraft:fly_one_cm":148342,"minecraft:crouch_one_cm":93,"minecraft:play_one_minute":38583,"minecraft:deaths":3,"minecraft:sneak_time":257,"minecraft:walk_under_water_one_cm":7417,"minecraft:boat_one_cm":26482,"minecraft:jump":486,"minecraft:leave_game":8,"minecraft:walk_on_water_one_cm":6578,"minecraft:time_since_death":5139,"minecraft:fall_one_cm":18026},"minecraft:picked_up":{"minecraft:birch_log":6,"minecraft:stick":1,"minecraft:crafting_table":2,"minecraft:oak_log":19,"minecraft:oak_boat":2,"minecraft:oak_sapling":7,"minecraft:birch_sapling":1,"minecraft:oak_planks":6},"minecraft:mined":{"minecraft:birch_log":4,"minecraft:birch_leaves":1,"minecraft:crafting_table":2,"minecraft:oak_log":19,"minecraft:oak_leaves":19},"minecraft:used":{"minecraft:wooden_axe":6,"alexsmobs:spawn_egg_platypus":4,"minecraft:oak_planks":6,"alexsmobs:spawn_egg_tiger":1,"minecraft:wooden_pickaxe":1,"minecraft:crafting_table":3,"minecraft:oak_boat":1},"minecraft:crafted":{"minecraft:wooden_sword":1,"minecraft:oak_boat":3,"minecraft:oak_planks":68,"minecraft:crafting_table":2,"minecraft:stick":8,"minecraft:wooden_pickaxe":1,"minecraft:wooden_axe":2,"minecraft:birch_planks":12},"minecraft:dropped":{"minecraft:oak_boat":1},"minecraft:killed_by":{"minecraft:husk":1,"minecraft:creeper":1,"minecraft:zombie":1}},"DataVersion":2586}