{"stats":{"minecraft:custom":{"minecraft:time_since_rest":15893,"minecraft:play_one_minute":15893,"minecraft:sprint_one_cm":10804,"minecraft:damage_taken":210,"minecraft:walk_one_cm":8029,"minecraft:sneak_time":205,"minecraft:walk_under_water_one_cm":5034,"minecraft:jump":125,"minecraft:damage_dealt":20,"minecraft:walk_on_water_one_cm":3733,"minecraft:leave_game":6,"minecraft:time_since_death":15893,"minecraft:interact_with_crafting_table":1,"minecraft:fall_one_cm":4907,"minecraft:fly_one_cm":85780},"minecraft:picked_up":{"minecraft:birch_log":3,"minecraft:oak_log":4},"minecraft:mined":{"minecraft:oak_log":4,"minecraft:birch_log":4,"minecraft:birch_leaves":1},"minecraft:used":{"minecraft:wooden_axe":4,"alexsmobs:spawn_egg_platypus":4,"minecraft:crafting_table":1,"alexsmobs:spawn_egg_tiger":1},"minecraft:crafted":{"minecraft:oak_planks":16,"minecraft:crafting_table":1,"minecraft:stick":4,"minecraft:wooden_axe":1}},"DataVersion":2586}