{"stats":{"minecraft:custom":{"minecraft:time_since_rest":9475,"minecraft:play_one_minute":27229,"minecraft:damage_taken":355,"minecraft:walk_one_cm":13839,"minecraft:sprint_one_cm":27974,"minecraft:deaths":1,"minecraft:sneak_time":205,"minecraft:walk_under_water_one_cm":6045,"minecraft:drop":1,"minecraft:boat_one_cm":26482,"minecraft:jump":276,"minecraft:damage_dealt":20,"minecraft:leave_game":7,"minecraft:time_since_death":9441,"minecraft:walk_on_water_one_cm":4897,"minecraft:swim_one_cm":2714,"minecraft:interact_with_crafting_table":3,"minecraft:fall_one_cm":10907,"minecraft:fly_one_cm":119465},"minecraft:picked_up":{"minecraft:birch_log":4,"minecraft:oak_boat":2,"minecraft:oak_log":8,"minecraft:oak_sapling":1},"minecraft:mined":{"minecraft:oak_log":8,"minecraft:birch_log":4,"minecraft:birch_leaves":1,"minecraft:oak_leaves":5},"minecraft:used":{"minecraft:wooden_axe":4,"alexsmobs:spawn_egg_platypus":4,"minecraft:crafting_table":1,"minecraft:oak_boat":1,"alexsmobs:spawn_egg_tiger":1},"minecraft:crafted":{"minecraft:oak_boat":2,"minecraft:oak_planks":32,"minecraft:birch_planks":12,"minecraft:crafting_table":1,"minecraft:stick":4,"minecraft:wooden_axe":1},"minecraft:dropped":{"minecraft:oak_boat":1},"minecraft:killed_by":{"minecraft:husk":1}},"DataVersion":2586}