{"stats":{"minecraft:custom":{"minecraft:time_since_rest":3121,"minecraft:interact_with_furnace":4,"minecraft:sprint_one_cm":7999,"minecraft:damage_taken":320,"minecraft:walk_one_cm":20306,"minecraft:damage_blocked_by_shield":635,"minecraft:mob_kills":4,"minecraft:damage_dealt":529,"minecraft:interact_with_crafting_table":6,"minecraft:swim_one_cm":331,"minecraft:fly_one_cm":12045,"minecraft:crouch_one_cm":3387,"minecraft:play_one_minute":8017,"minecraft:deaths":1,"minecraft:sneak_time":1221,"minecraft:walk_under_water_one_cm":130,"minecraft:jump":124,"minecraft:leave_game":1,"minecraft:walk_on_water_one_cm":1931,"minecraft:time_since_death":3098,"minecraft:fall_one_cm":3348},"minecraft:killed":{"minecraft:skeleton":3},"minecraft:picked_up":{"minecraft:birch_log":6,"minecraft:crafting_table":1,"minecraft:stick":7,"minecraft:andesite":2,"minecraft:wooden_pickaxe":1,"minecraft:birch_planks":5,"minecraft:oak_log":5,"minecraft:shield":1,"alexsmobs:animal_dictionary":1,"minecraft:dirt":10,"minecraft:stone_sword":1,"minecraft:bone":5,"minecraft:arrow":6,"minecraft:rotten_flesh":2,"minecraft:stone_pickaxe":1,"minecraft:iron_ore":7,"minecraft:coal":45,"minecraft:cobblestone":31,"minecraft:furnace":1},"minecraft:mined":{"minecraft:furnace":1,"minecraft:iron_ore":7,"minecraft:birch_log":6,"minecraft:andesite":1,"minecraft:crafting_table":1,"minecraft:oak_log":6,"minecraft:grass_block":3,"minecraft:coal_ore":23,"minecraft:dirt":4,"minecraft:stone":23},"minecraft:used":{"minecraft:stone_sword":12,"minecraft:stone_shovel":3,"minecraft:stone_pickaxe":52,"minecraft:wooden_pickaxe":3,"minecraft:shield":16,"minecraft:stone_axe":7,"minecraft:dirt":6,"minecraft:crafting_table":1,"minecraft:furnace":1,"alexsmobs:animal_dictionary":2},"minecraft:crafted":{"minecraft:stone_shovel":1,"minecraft:shield":1,"minecraft:crafting_table":1,"minecraft:stick":12,"minecraft:wooden_pickaxe":1,"minecraft:iron_ingot":1,"minecraft:stone_pickaxe":1,"minecraft:stone_sword":1,"minecraft:furnace":1,"minecraft:birch_planks":24,"minecraft:stone_axe":1,"minecraft:air":0},"minecraft:killed_by":{"minecraft:zombie":1}},"DataVersion":2586}