{"stats":{"minecraft:mined":{"minecraft:coal_ore":13,"minecraft:oak_log":4,"minecraft:gravel":2,"minecraft:stone":17,"minecraft:oak_leaves":2,"minecraft:crafting_table":2},"minecraft:custom":{"minecraft:time_since_rest":6263,"minecraft:play_one_minute":6263,"minecraft:crouch_one_cm":828,"minecraft:sprint_one_cm":1900,"minecraft:damage_taken":40,"minecraft:walk_one_cm":12878,"minecraft:sneak_time":309,"minecraft:walk_under_water_one_cm":1629,"minecraft:jump":77,"minecraft:leave_game":1,"minecraft:time_since_death":6263,"minecraft:walk_on_water_one_cm":1711,"minecraft:interact_with_crafting_table":4,"minecraft:fall_one_cm":1513,"minecraft:fly_one_cm":3318},"minecraft:crafted":{"minecraft:stone_sword":1,"minecraft:oak_planks":16,"minecraft:stone_shovel":1,"minecraft:stone_axe":1,"minecraft:crafting_table":1,"minecraft:stick":12,"minecraft:wooden_pickaxe":1,"minecraft:stone_pickaxe":1},"minecraft:picked_up":{"minecraft:crafting_table":2,"minecraft:gravel":1,"minecraft:flint":1,"minecraft:oak_log":4,"minecraft:coal":13,"minecraft:cobblestone":17},"minecraft:used":{"minecraft:stone_axe":1,"minecraft:cobblestone":1,"minecraft:crafting_table":2,"minecraft:stone_pickaxe":23,"alexsmobs:animal_dictionary":1,"minecraft:wooden_pickaxe":7,"minecraft:gravel":1}},"DataVersion":2586}