{"stats":{"minecraft:custom":{"minecraft:time_since_rest":12541,"minecraft:interact_with_furnace":12,"minecraft:sprint_one_cm":9236,"minecraft:damage_taken":50,"minecraft:walk_one_cm":21990,"minecraft:mob_kills":3,"minecraft:damage_dealt":300,"minecraft:interact_with_crafting_table":8,"minecraft:swim_one_cm":296,"minecraft:fly_one_cm":17085,"minecraft:play_one_minute":12541,"minecraft:crouch_one_cm":2391,"minecraft:sneak_time":1195,"minecraft:walk_under_water_one_cm":53,"minecraft:boat_one_cm":3831,"minecraft:jump":205,"minecraft:walk_on_water_one_cm":546,"minecraft:leave_game":3,"minecraft:time_since_death":12541,"minecraft:fall_one_cm":2934},"minecraft:killed":{"minecraft:pig":2,"minecraft:cow":1},"minecraft:picked_up":{"minecraft:birch_log":7,"minecraft:crafting_table":4,"minecraft:birch_boat":1,"minecraft:andesite":15,"minecraft:porkchop":3,"minecraft:diorite":1,"minecraft:dirt":18,"minecraft:beef":1,"minecraft:iron_ore":16,"minecraft:coal":8,"minecraft:cobblestone":34,"minecraft:furnace":2},"minecraft:mined":{"minecraft:furnace":2,"minecraft:birch_log":7,"minecraft:iron_ore":12,"minecraft:andesite":15,"minecraft:crafting_table":4,"minecraft:grass_block":8,"minecraft:coal_ore":5,"minecraft:dirt":17,"minecraft:stone":35,"minecraft:diorite":1},"minecraft:used":{"minecraft:stone_pickaxe":57,"minecraft:birch_boat":1,"minecraft:wooden_pickaxe":16,"minecraft:stone_axe":7,"minecraft:crafting_table":4,"minecraft:furnace":2,"minecraft:porkchop":3,"minecraft:bucket":1,"alexsmobs:animal_dictionary":1},"minecraft:crafted":{"minecraft:cooked_beef":1,"minecraft:shield":1,"minecraft:crafting_table":1,"minecraft:stick":8,"minecraft:iron_ingot":8,"minecraft:wooden_pickaxe":1,"minecraft:birch_boat":2,"minecraft:stone_pickaxe":1,"minecraft:stone_sword":1,"minecraft:furnace":2,"minecraft:bucket":1,"minecraft:birch_planks":28,"minecraft:stone_axe":1,"minecraft:air":0}},"DataVersion":2586}