{"stats":{"minecraft:used":{"minecraft:stone_axe":24,"minecraft:crafting_table":1,"minecraft:wooden_pickaxe":19},"minecraft:mined":{"minecraft:grass_block":4,"minecraft:oak_log":28,"minecraft:dirt":9,"minecraft:stone":16,"minecraft:oak_leaves":1,"minecraft:crafting_table":1},"minecraft:crafted":{"minecraft:oak_planks":24,"minecraft:crafting_table":1,"minecraft:stone_axe":1,"minecraft:stick":12,"minecraft:wooden_pickaxe":1,"minecraft:stone_pickaxe":1},"minecraft:picked_up":{"minecraft:crafting_table":1,"minecraft:apple":1,"minecraft:oak_log":28,"minecraft:cobblestone":16,"minecraft:dirt":13},"minecraft:custom":{"minecraft:time_since_rest":4537,"minecraft:play_one_minute":4537,"minecraft:crouch_one_cm":981,"minecraft:sprint_one_cm":1260,"minecraft:walk_one_cm":3606,"minecraft:sneak_time":778,"minecraft:jump":14,"minecraft:time_since_death":4537,"minecraft:interact_with_crafting_table":2,"minecraft:fly_one_cm":538}},"DataVersion":2586}